{
    "transform": [
        [
            0.9975233674049377,
            0.07023975253105164,
            0.003669124096632004,
            -0.2629036605358124
        ],
        [
            0.003669124096632004,
            -0.10406097769737244,
            0.9945641756057739,
            -0.15928561985492706
        ],
        [
            0.07023975253105164,
            -0.9920875430107117,
            -0.10406097769737244,
            0.02486356720328331
        ]
    ],
    "scale": 0.16723222734151608
}