{
  "experiment_name": "nerfstudio",
  "method_name": "nerfacto",
  "checkpoint": "outputs\\nerfstudio\\nerfacto\\2026-03-04_021356\\nerfstudio_models\\step-000029999.ckpt",
  "results": {
    "psnr": 23.89222526550293,
    "psnr_std": 1.7093197107315063,
    "ssim": 0.7960196733474731,
    "ssim_std": 0.03985772654414177,
    "lpips": 0.14268594980239868,
    "lpips_std": 0.05250607058405876,
    "num_rays_per_sec": 45391.15625,
    "num_rays_per_sec_std": 2027.4381103515625,
    "fps": 0.09742263704538345,
    "fps_std": 0.004351472482085228
  }
}